Title,Price,Date
"The Earth Store Tritone Sky Blue Ovule Shape Tea Cups Set of 6 Microwave and Dishwasher Safe, Perfect for Every Occasion Capacity - 190 ml Each","474
                            
                             .",2024-09-28
"The Earth Store Tritone Sky Blue Ovule Shape Tea Cups Set of 6 Microwave and Dishwasher Safe, Perfect for Every Occasion Capacity - 190 ml Each","474
                            
                             .",2024-09-28
"The Earth Store Tritone Sky Blue Ovule Shape Tea Cups Set of 6 Microwave and Dishwasher Safe, Perfect for Every Occasion Capacity - 190 ml Each","474
                            
                             .",2024-09-28
